{
    "basics": {
        "name": "Mark Tan",
        "label": "Web Developer",
        "email": "markcmtan@gmail.com",
        "phone": "(XXX) XXX-XXXX",
        "picture": "mt.png",
        "x_title": "Hello, I'm",
        "job1": "Web",
        "job2": "Developer",
        "description": "Hello! I'm Mark! Your web development enthusiast. Always down for something new and challenging! Just like markdown, I'm here to help you create beautifully formatted websites.",
        "summary": "based in Angeles, Philippines.",
        "keywords": "personal,website,portfolio,template,kit,mark,tan,taniyow,webdev,web,developer,angeles,philippines,react,github,linkedin,google,gitlab,telegram,material,design,ui,webapp,markdown",
        "url": "https://taniyow.vercel.app/",
        "location": {
            "address": "XX XXXXXstreet",
            "postalCode": "XXXXX",
            "city": "Angeles",
            "country": "Philippines",
            "countryCode": "PH",
            "region": "Pampanga"
        },
        "profiles": [
            {
                "network": "Google",
                "username": "markcmtan@gmail.com",
                "url": "mailto:markcmtan@gmail.com",
                "x_icon": "fab fa-google"
            },
            {
                "network": "LinkedIn",
                "username": "mcmtan",
                "url": "https://www.linkedin.com/in/mcmtan/",
                "x_icon": "fab fa-linkedin-in"
            },
            {
                "network": "GitHub",
                "username": "taniyow",
                "url": "https://github.com/taniyow",
                "x_icon": "fab fa-github"
            },
            {
                "network": "GitLab",
                "username": "taniyow",
                "url": "https://gitlab.com/taniyow",
                "x_icon": "fab fa-gitlab"
            },
            {
                "network": "Telegram",
                "username": "marktaniyow",
                "url": "https://t.me/marktaniyow",
                "x_icon": "fab fa-telegram-plane"
            },
            {
                "network": "Discord",
                "username": "taniyow#9142",
                "url": "https://discord.com",
                "x_icon": "fab fa-discord"
            }
        ]
    },
    "work": [
        {
            "company": "Company",
            "position": "President",
            "website": "http://company.com",
            "startDate": "2013-01-01",
            "endDate": "2014-01-01",
            "summary": "Description...",
            "highlights": ["Started the company"]
        }
    ],
    "volunteer": [
        {
            "organization": "Organization",
            "position": "Volunteer",
            "website": "http://organization.com/",
            "startDate": "2012-01-01",
            "endDate": "2013-01-01",
            "summary": "Description...",
            "highlights": ["Awarded 'Volunteer of the Month'"]
        }
    ],
    "education": [
        {
            "institution": "University",
            "area": "Software Development",
            "studyType": "Bachelor",
            "startDate": "2011-01-01",
            "endDate": "2013-01-01",
            "gpa": "4.0",
            "courses": ["DB1101 - Basic SQL"]
        }
    ],
    "awards": [
        {
            "title": "Award",
            "date": "2014-11-01",
            "awarder": "Company",
            "summary": "There is no spoon."
        }
    ],
    "publications": [
        {
            "name": "Publication",
            "publisher": "Company",
            "releaseDate": "2014-10-01",
            "website": "http://publication.com",
            "summary": "Description..."
        }
    ],
    "skills": [
        {
            "name": "Web Development",
            "level": "Master",
            "keywords": ["HTML", "CSS", "Javascript"]
        }
    ],
    "languages": [
        {
            "language": "German",
            "fluency": "Native speaker"
        },
        {
            "language": "English",
            "fluency": "Fluent speaker"
        },
        {
            "language": "French",
            "fluency": "Good knowledge"
        }
    ],
    "interests": [
        {
            "name": "Wildlife",
            "keywords": ["Ferrets", "Unicorns"]
        }
    ],
    "references": [
        {
            "name": "Jane Doe",
            "reference": "Reference..."
        }
    ]
}
